{
    "version": "0.4",
    "title": "Global Kit Styles",
    "type": "section",
    "metadata": {
        "template_type": "global-styles",
        "include_in_zip": "1",
        "elementor_pro_required": null,
        "additional_template_information": [
            "These are the global theme styles configured through the Elementor Theme Styles area."
        ],
        "wp_page_template": "default"
    },
    "content": [],
    "page_settings": {
        "link_hover_typography_typography": "custom",
        "h1_typography_typography": "custom",
        "h1_typography_font_family": "Abhaya Libre",
        "h1_typography_font_size": {
            "unit": "px",
            "size": "60",
            "sizes": []
        },
        "h1_typography_font_weight": "bold",
        "h2_typography_typography": "custom",
        "h2_typography_font_family": "Abhaya Libre",
        "h2_typography_font_size": {
            "unit": "px",
            "size": "30",
            "sizes": []
        },
        "h2_typography_font_weight": "500",
        "h3_typography_typography": "custom",
        "h3_typography_font_family": "Abhaya Libre",
        "h3_typography_font_size": {
            "unit": "px",
            "size": "28",
            "sizes": []
        },
        "h3_typography_font_weight": "500",
        "h4_typography_typography": "custom",
        "h4_typography_font_family": "Abhaya Libre",
        "h4_typography_font_size": {
            "unit": "px",
            "size": "20",
            "sizes": []
        },
        "h4_typography_font_weight": "500",
        "h5_typography_typography": "custom",
        "h5_typography_font_family": "Abhaya Libre",
        "h5_typography_font_size": {
            "unit": "px",
            "size": "18",
            "sizes": []
        },
        "h5_typography_font_weight": "500",
        "body_color": "#54595F",
        "body_typography_typography": "custom",
        "body_typography_font_family": "Roboto",
        "body_typography_font_size": {
            "unit": "px",
            "size": "16",
            "sizes": []
        },
        "h1_color": "#54595F",
        "button_typography_typography": "custom",
        "button_typography_font_family": "Roboto",
        "button_typography_font_size": {
            "unit": "px",
            "size": "14",
            "sizes": []
        },
        "button_typography_font_weight": "bold",
        "button_typography_letter_spacing": {
            "unit": "px",
            "size": "1",
            "sizes": []
        },
        "button_text_color": "#FFFFFF",
        "button_background_color": "#649D66",
        "button_border_border": "solid",
        "button_border_color": "rgba(2, 1, 1, 0)",
        "button_hover_text_color": "#649D66",
        "button_hover_background_color": "#FFFFFF",
        "button_hover_border_border": "solid",
        "button_hover_border_color": "#649D66"
    }
}