{
    "version": "0.4",
    "title": "Single Post",
    "type": "single",
    "metadata": {
        "template_type": "single-post",
        "include_in_zip": "1",
        "elementor_pro_required": "1",
        "elementor_library_type": "single",
        "elementor_pro_conditions": [
            "include\/singular\/post"
        ],
        "additional_template_information": [
            "This is a \"Single\" template for Elementor Pro.",
            "This template will display on: Posts."
        ],
        "wp_page_template": "default"
    },
    "content": [
        {
            "id": "564ca6e8",
            "settings": {
                "padding": {
                    "unit": "em",
                    "top": "5",
                    "right": "1",
                    "bottom": "3",
                    "left": "1",
                    "isLinked": false
                },
                "background_background": "classic",
                "background_color": "#F4F4F4"
            },
            "elements": [
                {
                    "id": "67b35dae",
                    "settings": {
                        "_column_size": 100,
                        "_inline_size": null,
                        "content_position": "center",
                        "_inline_size_tablet": 100,
                        "align": "center",
                        "padding": {
                            "unit": "px",
                            "top": "0",
                            "right": "0",
                            "bottom": "0",
                            "left": "0",
                            "isLinked": false
                        }
                    },
                    "elements": [
                        {
                            "id": "4993088a",
                            "settings": {
                                "icon_list": [
                                    {
                                        "type": "author",
                                        "selected_icon": {
                                            "value": "far fa-user",
                                            "library": "fa-regular"
                                        },
                                        "_id": "5c12572",
                                        "date_format": "default",
                                        "custom_date_format": "F j, Y",
                                        "time_format": "default",
                                        "custom_time_format": "g:i a",
                                        "taxonomy": [],
                                        "text_prefix": "",
                                        "show_avatar": "",
                                        "avatar_size": {
                                            "unit": "px",
                                            "size": "",
                                            "sizes": []
                                        },
                                        "avatar_size_tablet": {
                                            "unit": "px",
                                            "size": "",
                                            "sizes": []
                                        },
                                        "avatar_size_mobile": {
                                            "unit": "px",
                                            "size": "",
                                            "sizes": []
                                        },
                                        "comments_custom_strings": false,
                                        "string_no_comments": "",
                                        "string_one_comment": "",
                                        "string_comments": "",
                                        "custom_text": "",
                                        "link": "yes",
                                        "custom_url": {
                                            "url": "",
                                            "is_external": "",
                                            "nofollow": "",
                                            "custom_attributes": ""
                                        },
                                        "show_icon": "custom"
                                    },
                                    {
                                        "type": "date",
                                        "selected_icon": {
                                            "value": "icon icon-calendar-page-empty",
                                            "library": "ekiticons"
                                        },
                                        "_id": "c850811",
                                        "date_format": "default",
                                        "custom_date_format": "F j, Y",
                                        "time_format": "default",
                                        "custom_time_format": "g:i a",
                                        "taxonomy": [],
                                        "text_prefix": "",
                                        "show_avatar": "",
                                        "avatar_size": {
                                            "unit": "px",
                                            "size": "",
                                            "sizes": []
                                        },
                                        "avatar_size_tablet": {
                                            "unit": "px",
                                            "size": "",
                                            "sizes": []
                                        },
                                        "avatar_size_mobile": {
                                            "unit": "px",
                                            "size": "",
                                            "sizes": []
                                        },
                                        "comments_custom_strings": false,
                                        "string_no_comments": "",
                                        "string_one_comment": "",
                                        "string_comments": "",
                                        "custom_text": "",
                                        "link": "yes",
                                        "custom_url": {
                                            "url": "",
                                            "is_external": "",
                                            "nofollow": "",
                                            "custom_attributes": ""
                                        },
                                        "show_icon": "custom"
                                    },
                                    {
                                        "type": "time",
                                        "selected_icon": {
                                            "value": "far fa-clock",
                                            "library": "fa-regular"
                                        },
                                        "_id": "22f31b6",
                                        "date_format": "default",
                                        "custom_date_format": "F j, Y",
                                        "time_format": "default",
                                        "custom_time_format": "g:i a",
                                        "taxonomy": [],
                                        "text_prefix": "",
                                        "show_avatar": "",
                                        "avatar_size": {
                                            "unit": "px",
                                            "size": "",
                                            "sizes": []
                                        },
                                        "avatar_size_tablet": {
                                            "unit": "px",
                                            "size": "",
                                            "sizes": []
                                        },
                                        "avatar_size_mobile": {
                                            "unit": "px",
                                            "size": "",
                                            "sizes": []
                                        },
                                        "comments_custom_strings": false,
                                        "string_no_comments": "",
                                        "string_one_comment": "",
                                        "string_comments": "",
                                        "custom_text": "",
                                        "link": "yes",
                                        "custom_url": {
                                            "url": "",
                                            "is_external": "",
                                            "nofollow": "",
                                            "custom_attributes": ""
                                        },
                                        "show_icon": "default"
                                    },
                                    {
                                        "type": "comments",
                                        "selected_icon": {
                                            "value": "far fa-comment-dots",
                                            "library": "fa-regular"
                                        },
                                        "_id": "3e2c11a",
                                        "date_format": "default",
                                        "custom_date_format": "F j, Y",
                                        "time_format": "default",
                                        "custom_time_format": "g:i a",
                                        "taxonomy": [],
                                        "text_prefix": "",
                                        "show_avatar": "",
                                        "avatar_size": {
                                            "unit": "px",
                                            "size": "",
                                            "sizes": []
                                        },
                                        "avatar_size_tablet": {
                                            "unit": "px",
                                            "size": "",
                                            "sizes": []
                                        },
                                        "avatar_size_mobile": {
                                            "unit": "px",
                                            "size": "",
                                            "sizes": []
                                        },
                                        "comments_custom_strings": false,
                                        "string_no_comments": "",
                                        "string_one_comment": "",
                                        "string_comments": "",
                                        "custom_text": "",
                                        "link": "yes",
                                        "custom_url": {
                                            "url": "",
                                            "is_external": "",
                                            "nofollow": "",
                                            "custom_attributes": ""
                                        },
                                        "show_icon": "default"
                                    }
                                ],
                                "space_between": {
                                    "unit": "px",
                                    "size": 20,
                                    "sizes": []
                                },
                                "icon_align": "left",
                                "icon_color": "#649D66",
                                "icon_size": {
                                    "unit": "px",
                                    "size": 15,
                                    "sizes": []
                                },
                                "text_color": "#54595F",
                                "icon_typography_typography": "custom",
                                "icon_typography_font_family": "Roboto"
                            },
                            "elements": [],
                            "isInner": false,
                            "widgetType": "post-info",
                            "elType": "widget"
                        },
                        {
                            "id": "b68c733",
                            "settings": {
                                "__dynamic__": {
                                    "title": "[elementor-tag id=\"\" name=\"post-title\" settings=\"%7B%22before%22%3A%22%22%2C%22after%22%3A%22%22%2C%22fallback%22%3A%22%22%7D\"]"
                                },
                                "title": "Add Your Heading Text Here",
                                "title_color": "#54595F",
                                "typography_typography": "custom",
                                "typography_font_family": "Abhaya Libre",
                                "typography_font_size": {
                                    "unit": "px",
                                    "size": 60,
                                    "sizes": []
                                },
                                "typography_font_weight": "500",
                                "typography_line_height": {
                                    "unit": "em",
                                    "size": "1.2",
                                    "sizes": []
                                },
                                "typography_text_transform": "capitalize",
                                "typography_font_size_tablet": {
                                    "unit": "px",
                                    "size": "45",
                                    "sizes": []
                                },
                                "typography_font_size_mobile": {
                                    "unit": "px",
                                    "size": "36",
                                    "sizes": []
                                },
                                "align": "left"
                            },
                            "elements": [],
                            "isInner": false,
                            "widgetType": "theme-post-title",
                            "elType": "widget"
                        }
                    ],
                    "isInner": false,
                    "elType": "column"
                }
            ],
            "isInner": false,
            "elType": "section"
        },
        {
            "id": "1671407f",
            "settings": {
                "layout": "full_width",
                "margin": {
                    "unit": "px",
                    "top": "0",
                    "right": 0,
                    "bottom": "0",
                    "left": 0,
                    "isLinked": false
                },
                "padding": {
                    "unit": "em",
                    "top": "0",
                    "right": "0",
                    "bottom": "4",
                    "left": "0",
                    "isLinked": false
                },
                "background_background": "classic",
                "background_color": "#F4F4F4"
            },
            "elements": [
                {
                    "id": "60740a24",
                    "settings": {
                        "_column_size": 100,
                        "_inline_size": null,
                        "margin": {
                            "unit": "px",
                            "top": "0",
                            "right": "0",
                            "bottom": "0",
                            "left": "0",
                            "isLinked": false
                        },
                        "padding": {
                            "unit": "px",
                            "top": "0",
                            "right": "0",
                            "bottom": "0",
                            "left": "0",
                            "isLinked": false
                        }
                    },
                    "elements": [
                        {
                            "id": "1533391b",
                            "settings": {
                                "__dynamic__": {
                                    "image": "[elementor-tag id=\"\" name=\"post-featured-image\" settings=\"%7B%22fallback%22%3A%7B%22url%22%3A%22%22%2C%22id%22%3A%22%22%7D%7D\"]"
                                },
                                "align": "center",
                                "width": {
                                    "unit": "%",
                                    "size": 84,
                                    "sizes": []
                                },
                                "width_tablet": {
                                    "unit": "%",
                                    "size": 100,
                                    "sizes": []
                                },
                                "width_mobile": {
                                    "unit": "%",
                                    "size": 100,
                                    "sizes": []
                                }
                            },
                            "elements": [],
                            "isInner": false,
                            "widgetType": "theme-post-featured-image",
                            "elType": "widget"
                        }
                    ],
                    "isInner": false,
                    "elType": "column"
                }
            ],
            "isInner": false,
            "elType": "section"
        },
        {
            "id": "279b042f",
            "settings": {
                "structure": "30",
                "padding": {
                    "unit": "em",
                    "top": "3",
                    "right": "1",
                    "bottom": "5",
                    "left": "1",
                    "isLinked": false
                }
            },
            "elements": [
                {
                    "id": "54f2490b",
                    "settings": {
                        "_column_size": 33,
                        "_inline_size": 10,
                        "_inline_size_tablet": 5
                    },
                    "elements": [],
                    "isInner": false,
                    "elType": "column"
                },
                {
                    "id": "6eb1e02e",
                    "settings": {
                        "_column_size": 33,
                        "_inline_size": 79.332,
                        "_inline_size_tablet": 90,
                        "padding_mobile": {
                            "unit": "em",
                            "top": "0",
                            "right": "0",
                            "bottom": "0",
                            "left": "0",
                            "isLinked": false
                        }
                    },
                    "elements": [
                        {
                            "id": "3bd5028e",
                            "settings": {
                                "text_color": "#54595F",
                                "typography_typography": "custom",
                                "typography_font_family": "Roboto",
                                "typography_font_size": {
                                    "unit": "px",
                                    "size": 16,
                                    "sizes": []
                                },
                                "typography_font_weight": "400"
                            },
                            "elements": [],
                            "isInner": false,
                            "widgetType": "theme-post-content",
                            "elType": "widget"
                        }
                    ],
                    "isInner": false,
                    "elType": "column"
                },
                {
                    "id": "df969b7",
                    "settings": {
                        "_column_size": 33,
                        "_inline_size": 10,
                        "_inline_size_tablet": 5
                    },
                    "elements": [],
                    "isInner": false,
                    "elType": "column"
                }
            ],
            "isInner": false,
            "elType": "section"
        },
        {
            "id": "3c2be686",
            "settings": {
                "structure": "30"
            },
            "elements": [
                {
                    "id": "52e4020d",
                    "settings": {
                        "_column_size": 33,
                        "_inline_size": null,
                        "content_position": "center",
                        "align": "center",
                        "padding": {
                            "unit": "px",
                            "top": "0",
                            "right": "0",
                            "bottom": "0",
                            "left": "0",
                            "isLinked": false
                        }
                    },
                    "elements": [
                        {
                            "id": "3dc129fa",
                            "settings": {
                                "text": "Divider",
                                "color": "#649D66",
                                "weight": {
                                    "unit": "px",
                                    "size": 3.2,
                                    "sizes": []
                                },
                                "typography_typography": "custom",
                                "typography_font_family": "Roboto",
                                "typography_font_size": {
                                    "unit": "px",
                                    "size": 16,
                                    "sizes": []
                                },
                                "typography_font_weight": "400",
                                "_margin": {
                                    "unit": "px",
                                    "top": "-10",
                                    "right": "0",
                                    "bottom": "0",
                                    "left": "0",
                                    "isLinked": false
                                }
                            },
                            "elements": [],
                            "isInner": false,
                            "widgetType": "divider",
                            "elType": "widget"
                        }
                    ],
                    "isInner": false,
                    "elType": "column"
                },
                {
                    "id": "56fe93b7",
                    "settings": {
                        "_column_size": 33,
                        "_inline_size": null,
                        "content_position": "center",
                        "align": "center"
                    },
                    "elements": [
                        {
                            "id": "5046801d",
                            "settings": {
                                "icon_list": [
                                    {
                                        "text": "",
                                        "selected_icon": {
                                            "value": "fab fa-linkedin-in",
                                            "library": "fa-brands"
                                        },
                                        "_id": "12963d1",
                                        "link": {
                                            "url": "",
                                            "is_external": "",
                                            "nofollow": "",
                                            "custom_attributes": ""
                                        }
                                    },
                                    {
                                        "text": "",
                                        "selected_icon": {
                                            "value": "icon icon-instagram-1",
                                            "library": "ekiticons"
                                        },
                                        "link": {
                                            "url": "",
                                            "is_external": "",
                                            "nofollow": "",
                                            "custom_attributes": ""
                                        },
                                        "_id": "4231a51"
                                    },
                                    {
                                        "text": "",
                                        "selected_icon": {
                                            "value": "fab fa-facebook-f",
                                            "library": "fa-brands"
                                        },
                                        "_id": "a25126f",
                                        "link": {
                                            "url": "",
                                            "is_external": "",
                                            "nofollow": "",
                                            "custom_attributes": ""
                                        }
                                    },
                                    {
                                        "text": "",
                                        "selected_icon": {
                                            "value": "fab fa-twitter",
                                            "library": "fa-brands"
                                        },
                                        "_id": "01c1d50",
                                        "link": {
                                            "url": "",
                                            "is_external": "",
                                            "nofollow": "",
                                            "custom_attributes": ""
                                        }
                                    },
                                    {
                                        "text": "",
                                        "selected_icon": {
                                            "value": "fab fa-youtube",
                                            "library": "fa-brands"
                                        },
                                        "link": {
                                            "url": "",
                                            "is_external": "",
                                            "nofollow": "",
                                            "custom_attributes": ""
                                        },
                                        "_id": "982a59a"
                                    }
                                ],
                                "space_between": {
                                    "unit": "px",
                                    "size": 24,
                                    "sizes": []
                                },
                                "icon_align": "center",
                                "icon_color": "#649D66",
                                "icon_size": {
                                    "unit": "px",
                                    "size": "18",
                                    "sizes": []
                                },
                                "icon_self_align": "left",
                                "_element_width": "auto",
                                "_element_vertical_align": "center",
                                "_offset_x": {
                                    "size": 243,
                                    "unit": "px"
                                },
                                "_offset_y": {
                                    "size": 466,
                                    "unit": "px"
                                },
                                "icon_color_hover": "#54595F",
                                "_offset_x_tablet": {
                                    "size": "23",
                                    "unit": "px"
                                },
                                "_offset_y_tablet": {
                                    "size": "211",
                                    "unit": "px"
                                },
                                "view": "inline",
                                "icon_typography_typography": "custom",
                                "icon_typography_font_family": "Roboto",
                                "icon_typography_font_size": {
                                    "unit": "px",
                                    "size": 14,
                                    "sizes": []
                                },
                                "_margin": {
                                    "unit": "px",
                                    "top": "0",
                                    "right": "0",
                                    "bottom": "0",
                                    "left": "0",
                                    "isLinked": false
                                },
                                "_padding": {
                                    "unit": "px",
                                    "top": "0",
                                    "right": "0",
                                    "bottom": "0",
                                    "left": "0",
                                    "isLinked": false
                                }
                            },
                            "elements": [],
                            "isInner": false,
                            "widgetType": "icon-list",
                            "elType": "widget"
                        }
                    ],
                    "isInner": false,
                    "elType": "column"
                },
                {
                    "id": "1f044c6f",
                    "settings": {
                        "_column_size": 33,
                        "_inline_size": null,
                        "content_position": "center",
                        "align": "center",
                        "padding": {
                            "unit": "px",
                            "top": "0",
                            "right": "0",
                            "bottom": "0",
                            "left": "0",
                            "isLinked": false
                        }
                    },
                    "elements": [
                        {
                            "id": "754c889f",
                            "settings": {
                                "text": "Divider",
                                "color": "#649D66",
                                "weight": {
                                    "unit": "px",
                                    "size": 3.2,
                                    "sizes": []
                                },
                                "typography_typography": "custom",
                                "typography_font_family": "Roboto",
                                "typography_font_size": {
                                    "unit": "px",
                                    "size": 16,
                                    "sizes": []
                                },
                                "typography_font_weight": "400",
                                "_margin": {
                                    "unit": "px",
                                    "top": "-10",
                                    "right": "0",
                                    "bottom": "0",
                                    "left": "0",
                                    "isLinked": false
                                }
                            },
                            "elements": [],
                            "isInner": false,
                            "widgetType": "divider",
                            "elType": "widget"
                        }
                    ],
                    "isInner": false,
                    "elType": "column"
                }
            ],
            "isInner": false,
            "elType": "section"
        },
        {
            "id": "79505264",
            "settings": {
                "padding": {
                    "unit": "em",
                    "top": "5",
                    "right": "1",
                    "bottom": "5",
                    "left": "1",
                    "isLinked": false
                }
            },
            "elements": [
                {
                    "id": "59877bb2",
                    "settings": {
                        "_column_size": 100,
                        "_inline_size": null,
                        "padding": {
                            "unit": "px",
                            "top": "0",
                            "right": "0",
                            "bottom": "0",
                            "left": "0",
                            "isLinked": false
                        }
                    },
                    "elements": [
                        {
                            "id": "7b89755c",
                            "settings": {
                                "thumbnail_size_size": "full",
                                "item_ratio": {
                                    "unit": "px",
                                    "size": 1.44,
                                    "sizes": []
                                },
                                "posts_per_page": 3,
                                "posts_avoid_duplicates": "yes",
                                "posts_include": [],
                                "posts_include_term_ids": [
                                    "7"
                                ],
                                "column_gap": {
                                    "unit": "px",
                                    "size": "50",
                                    "sizes": []
                                },
                                "row_gap": {
                                    "unit": "px",
                                    "size": "50",
                                    "sizes": []
                                },
                                "color_background": "rgba(100, 157, 102, 0.85)",
                                "color_title": "#ffffff",
                                "typography_title_typography": "custom",
                                "typography_title_font_family": "Roboto",
                                "typography_title_font_size": {
                                    "unit": "px",
                                    "size": "18",
                                    "sizes": []
                                },
                                "typography_title_font_weight": "400",
                                "columns_tablet": "3",
                                "posts_exclude": [
                                    "current_post"
                                ],
                                "_margin": {
                                    "unit": "px",
                                    "top": "0",
                                    "right": "0",
                                    "bottom": "0",
                                    "left": "0",
                                    "isLinked": false
                                },
                                "_padding": {
                                    "unit": "px",
                                    "top": "0",
                                    "right": "0",
                                    "bottom": "0",
                                    "left": "0",
                                    "isLinked": false
                                }
                            },
                            "elements": [],
                            "isInner": false,
                            "widgetType": "portfolio",
                            "elType": "widget"
                        }
                    ],
                    "isInner": false,
                    "elType": "column"
                }
            ],
            "isInner": false,
            "elType": "section"
        }
    ]
}